{
    "transcription_text": "He tanked, tanked the bipartisan deal because he thought it would help him win an election, which goes to show Donald Trump does not care about border security. He only cares about himself. So here is my pledge to you. As president, I will bring back the border security bill that Donald Trump killed, and I will sign it into law.",
    "segments": [
        {
            "id": 0,
            "seek": 0,
            "start": 0.0,
            "end": 7.199999809265137,
            "text": " He tanked, tanked the bipartisan deal because he thought it would help him win an election,",
            "tokens": [
                50364,
                634,
                5466,
                292,
                11,
                5466,
                292,
                264,
                31954,
                2028,
                570,
                415,
                1194,
                309,
                576,
                854,
                796,
                1942,
                364,
                6618,
                11,
                50724
            ],
            "temperature": 0.0,
            "avg_logprob": -0.24411848187446594,
            "compression_ratio": 1.470588207244873,
            "no_speech_prob": 0.03094642609357834
        },
        {
            "id": 1,
            "seek": 0,
            "start": 10.800000190734863,
            "end": 18.479999542236328,
            "text": " which goes to show Donald Trump does not care about border security. He only cares about himself.",
            "tokens": [
                50904,
                597,
                1709,
                281,
                855,
                8632,
                3899,
                775,
                406,
                1127,
                466,
                7838,
                3825,
                13,
                634,
                787,
                12310,
                466,
                3647,
                13,
                51288
            ],
            "temperature": 0.0,
            "avg_logprob": -0.24411848187446594,
            "compression_ratio": 1.470588207244873,
            "no_speech_prob": 0.03094642609357834
        },
        {
            "id": 2,
            "seek": 0,
            "start": 19.920000076293945,
            "end": 27.360000610351562,
            "text": " So here is my pledge to you. As president, I will bring back the border security bill",
            "tokens": [
                51360,
                407,
                510,
                307,
                452,
                26819,
                281,
                291,
                13,
                1018,
                3868,
                11,
                286,
                486,
                1565,
                646,
                264,
                7838,
                3825,
                2961,
                51732
            ],
            "temperature": 0.0,
            "avg_logprob": -0.24411848187446594,
            "compression_ratio": 1.470588207244873,
            "no_speech_prob": 0.03094642609357834
        },
        {
            "id": 3,
            "seek": 2736,
            "start": 27.360000610351562,
            "end": 32.0,
            "text": " that Donald Trump killed, and I will sign it into law.",
            "tokens": [
                50364,
                300,
                8632,
                3899,
                4652,
                11,
                293,
                286,
                486,
                1465,
                309,
                666,
                2101,
                13,
                50596
            ],
            "temperature": 0.0,
            "avg_logprob": -0.235907644033432,
            "compression_ratio": 0.8999999761581421,
            "no_speech_prob": 0.043702755123376846
        }
    ]
}