,segment_id,segment_avg_logprob,segment_compression_ratio,segment_no_speech_prob,seek,start,end,temperature,text,tokens,nltk_opinion_lexicon_positive,nltk_opinion_lexicon_negative,nltk_opinion_lexicon_net,vader_neg,vader_neu,vader_pos,vader_compound
0,0,-0.24411848187446594,1.470588207244873,0.03094642609357834,0,0.0,7.199999809265137,0.0," He tanked, tanked the bipartisan deal because he thought it would help him win an election,","[50364, 634, 5466, 292, 11, 5466, 292, 264, 31954, 2028, 570, 415, 1194, 309, 576, 854, 796, 1942, 364, 6618, 11, 50724]",0.0625,0.0625,0.0,0.0,0.683,0.317,0.7579
1,1,-0.24411848187446594,1.470588207244873,0.03094642609357834,0,10.800000190734863,18.479999542236328,0.0, which goes to show Donald Trump does not care about border security. He only cares about himself.,"[50904, 597, 1709, 281, 855, 8632, 3899, 775, 406, 1127, 466, 7838, 3825, 13, 634, 787, 12310, 466, 3647, 13, 51288]",0.058823529411764705,0.0,0.058823529411764705,0.119,0.636,0.245,0.416
2,2,-0.24411848187446594,1.470588207244873,0.03094642609357834,0,19.920000076293945,27.360000610351562,0.0," So here is my pledge to you. As president, I will bring back the border security bill","[51360, 407, 510, 307, 452, 26819, 281, 291, 13, 1018, 3868, 11, 286, 486, 1565, 646, 264, 7838, 3825, 2961, 51732]",0.0,0.0,0.0,0.0,0.862,0.138,0.34
3,3,-0.235907644033432,0.8999999761581421,0.043702755123376846,2736,27.360000610351562,32.0,0.0," that Donald Trump killed, and I will sign it into law.","[50364, 300, 8632, 3899, 4652, 11, 293, 286, 486, 1465, 309, 666, 2101, 13, 50596]",0.09090909090909091,0.0,0.09090909090909091,0.333,0.667,0.0,-0.6705
