,segment_id,segment_avg_logprob,segment_compression_ratio,segment_no_speech_prob,seek,start,end,temperature,text,tokens,nltk_opinion_lexicon_positive,nltk_opinion_lexicon_negative,nltk_opinion_lexicon_net,vader_neg,vader_neu,vader_pos,vader_compound
0,0,-0.29440122842788696,1.5970149040222168,0.09800335764884949,0,0.0,5.0,0.0," I will prevent, and very easily, World War III, very easily.","[50364, 286, 486, 4871, 11, 293, 588, 3612, 11, 3937, 3630, 16317, 11, 588, 3612, 13, 50614]",0.0,0.0,0.0,0.25,0.36,0.39,0.0829
1,1,-0.29440122842788696,1.5970149040222168,0.09800335764884949,0,5.0,13.0,0.0," Before I even arrive at the Oval Office, I will have the disastrous war between Russia and Ukraine settled.","[50614, 4546, 286, 754, 8881, 412, 264, 422, 3337, 8935, 11, 286, 486, 362, 264, 44502, 1516, 1296, 6797, 293, 14081, 14819, 13, 51014]",0.0,0.05263157894736842,-0.05263157894736842,0.342,0.658,0.0,-0.8316
2,2,-0.29440122842788696,1.5970149040222168,0.09800335764884949,0,13.0,18.0,0.0, It will be settled quickly. Quickly.,"[51014, 467, 486, 312, 14819, 2661, 13, 31800, 13, 51264]",0.0,0.0,0.0,0.0,1.0,0.0,0.0
3,3,-0.29440122842788696,1.5970149040222168,0.09800335764884949,0,18.0,24.0,0.0," I will get the problem solved, and I will get it solved in rapid order.","[51264, 286, 486, 483, 264, 1154, 13041, 11, 293, 286, 486, 483, 309, 13041, 294, 7558, 1668, 13, 51564]",0.06666666666666667,0.06666666666666667,0.0,0.16,0.592,0.249,0.128
4,4,-0.29440122842788696,1.5970149040222168,0.09800335764884949,0,24.0,27.0,0.0, And it will take me no longer than one day.,"[51564, 400, 309, 486, 747, 385, 572, 2854, 813, 472, 786, 13, 51714]",0.0,0.0,0.0,0.196,0.804,0.0,-0.296
5,5,-0.2709539234638214,1.0789474248886108,0.9784414172172546,2700,27.0,30.0,0.0, I don't know exactly what to say to each of them. I got along very well with them.,"[50364, 286, 500, 380, 458, 2293, 437, 281, 584, 281, 1184, 295, 552, 13, 286, 658, 2051, 588, 731, 365, 552, 13, 50514]",0.05555555555555555,0.0,0.05555555555555555,0.0,0.862,0.138,0.3384
