,segment_id,segment_avg_logprob,segment_compression_ratio,segment_no_speech_prob,seek,start,end,temperature,text,tokens,nltk_opinion_lexicon_positive,nltk_opinion_lexicon_negative,nltk_opinion_lexicon_net,vader_neg,vader_neu,vader_pos,vader_compound
0,0,-0.2671580910682678,1.6320346593856812,0.09695234894752502,0,0.0,6.400000095367432,0.0," So many of you have been asking me about the debate, and I'll tell you I'm ready to debate","[50364, 407, 867, 295, 291, 362, 668, 3365, 385, 466, 264, 7958, 11, 293, 286, 603, 980, 291, 286, 478, 1919, 281, 7958, 50684]",0.05263157894736842,0.0,0.05263157894736842,0.0,0.878,0.122,0.3612
1,1,-0.2671580910682678,1.6320346593856812,0.09695234894752502,0,6.400000095367432,7.400000095367432,0.0, Donald Trump.,"[50684, 8632, 3899, 13, 50734]",0.0,0.0,0.0,0.0,1.0,0.0,0.0
2,2,-0.2671580910682678,1.6320346593856812,0.09695234894752502,0,7.400000095367432,12.399999618530273,0.0, I have agreed to the previously agreed upon September 10th debate.,"[50734, 286, 362, 9166, 281, 264, 8046, 9166, 3564, 7216, 1266, 392, 7958, 13, 50984]",0.0,0.0,0.0,0.0,0.656,0.344,0.4939
3,3,-0.2671580910682678,1.6320346593856812,0.09695234894752502,0,12.399999618530273,16.959999084472656,0.0," He agreed to that previously, now it appears he's backpedaling, but I'm ready.","[50984, 634, 9166, 281, 300, 8046, 11, 586, 309, 7038, 415, 311, 646, 3452, 4270, 11, 457, 286, 478, 1919, 13, 51212]",0.0,0.0,0.0,0.0,0.696,0.304,0.5859
4,4,-0.2671580910682678,1.6320346593856812,0.09695234894752502,0,16.959999084472656,23.440000534057617,0.0, And I think the voters deserve to see the split screen that exists in this race on a,"[51212, 400, 286, 519, 264, 14073, 9948, 281, 536, 264, 7472, 2568, 300, 8198, 294, 341, 4569, 322, 257, 51536]",0.0,0.05555555555555555,-0.05555555555555555,0.0,1.0,0.0,0.0
5,5,-0.2671580910682678,1.6320346593856812,0.09695234894752502,0,23.440000534057617,26.440000534057617,0.0," debate stage, and so I'm ready, let's go.","[51536, 7958, 3233, 11, 293, 370, 286, 478, 1919, 11, 718, 311, 352, 13, 51686]",0.0,0.0,0.0,0.0,0.716,0.284,0.4173
