{
    "transcription_text": "So many of you have been asking me about the debate, and I'll tell you I'm ready to debate Donald Trump. I have agreed to the previously agreed upon September 10th debate. He agreed to that previously, now it appears he's backpedaling, but I'm ready. And I think the voters deserve to see the split screen that exists in this race on a debate stage, and so I'm ready, let's go.",
    "segments": [
        {
            "id": 0,
            "seek": 0,
            "start": 0.0,
            "end": 6.400000095367432,
            "text": " So many of you have been asking me about the debate, and I'll tell you I'm ready to debate",
            "tokens": [
                50364,
                407,
                867,
                295,
                291,
                362,
                668,
                3365,
                385,
                466,
                264,
                7958,
                11,
                293,
                286,
                603,
                980,
                291,
                286,
                478,
                1919,
                281,
                7958,
                50684
            ],
            "temperature": 0.0,
            "avg_logprob": -0.2671580910682678,
            "compression_ratio": 1.6320346593856812,
            "no_speech_prob": 0.09695234894752502
        },
        {
            "id": 1,
            "seek": 0,
            "start": 6.400000095367432,
            "end": 7.400000095367432,
            "text": " Donald Trump.",
            "tokens": [
                50684,
                8632,
                3899,
                13,
                50734
            ],
            "temperature": 0.0,
            "avg_logprob": -0.2671580910682678,
            "compression_ratio": 1.6320346593856812,
            "no_speech_prob": 0.09695234894752502
        },
        {
            "id": 2,
            "seek": 0,
            "start": 7.400000095367432,
            "end": 12.399999618530273,
            "text": " I have agreed to the previously agreed upon September 10th debate.",
            "tokens": [
                50734,
                286,
                362,
                9166,
                281,
                264,
                8046,
                9166,
                3564,
                7216,
                1266,
                392,
                7958,
                13,
                50984
            ],
            "temperature": 0.0,
            "avg_logprob": -0.2671580910682678,
            "compression_ratio": 1.6320346593856812,
            "no_speech_prob": 0.09695234894752502
        },
        {
            "id": 3,
            "seek": 0,
            "start": 12.399999618530273,
            "end": 16.959999084472656,
            "text": " He agreed to that previously, now it appears he's backpedaling, but I'm ready.",
            "tokens": [
                50984,
                634,
                9166,
                281,
                300,
                8046,
                11,
                586,
                309,
                7038,
                415,
                311,
                646,
                3452,
                4270,
                11,
                457,
                286,
                478,
                1919,
                13,
                51212
            ],
            "temperature": 0.0,
            "avg_logprob": -0.2671580910682678,
            "compression_ratio": 1.6320346593856812,
            "no_speech_prob": 0.09695234894752502
        },
        {
            "id": 4,
            "seek": 0,
            "start": 16.959999084472656,
            "end": 23.440000534057617,
            "text": " And I think the voters deserve to see the split screen that exists in this race on a",
            "tokens": [
                51212,
                400,
                286,
                519,
                264,
                14073,
                9948,
                281,
                536,
                264,
                7472,
                2568,
                300,
                8198,
                294,
                341,
                4569,
                322,
                257,
                51536
            ],
            "temperature": 0.0,
            "avg_logprob": -0.2671580910682678,
            "compression_ratio": 1.6320346593856812,
            "no_speech_prob": 0.09695234894752502
        },
        {
            "id": 5,
            "seek": 0,
            "start": 23.440000534057617,
            "end": 26.440000534057617,
            "text": " debate stage, and so I'm ready, let's go.",
            "tokens": [
                51536,
                7958,
                3233,
                11,
                293,
                370,
                286,
                478,
                1919,
                11,
                718,
                311,
                352,
                13,
                51686
            ],
            "temperature": 0.0,
            "avg_logprob": -0.2671580910682678,
            "compression_ratio": 1.6320346593856812,
            "no_speech_prob": 0.09695234894752502
        }
    ]
}