{
    "transcription_text": "Just imagine the Oval Office in three months. Picture it in your mind. It is either. So, but there's a choice that everybody has. So let's imagine it for a moment. It's either Donald Trump in there, stewing, stewing over his enemies list, or me, working for you, checking off my to-do list. You have the power to make that decision. It is your power. It is your power.",
    "segments": [
        {
            "id": 0,
            "avg_logprob": -0.3116425573825836,
            "compression_ratio": 1.4337348937988281,
            "end": 5.0,
            "no_speech_prob": 0.05412597954273224,
            "seek": 0,
            "start": 0.0,
            "temperature": 0.0,
            "text": " Just imagine the Oval Office in three months. Picture it in your mind.",
            "tokens": [
                50364,
                1449,
                3811,
                264,
                422,
                3337,
                8935,
                294,
                1045,
                2493,
                13,
                35730,
                309,
                294,
                428,
                1575,
                13,
                50614
            ]
        },
        {
            "id": 1,
            "avg_logprob": -0.3116425573825836,
            "compression_ratio": 1.4337348937988281,
            "end": 14.0,
            "no_speech_prob": 0.05412597954273224,
            "seek": 0,
            "start": 5.0,
            "temperature": 0.0,
            "text": " It is either. So, but there's a choice that everybody has. So let's imagine it for a moment.",
            "tokens": [
                50614,
                467,
                307,
                2139,
                13,
                407,
                11,
                457,
                456,
                311,
                257,
                3922,
                300,
                2201,
                575,
                13,
                407,
                718,
                311,
                3811,
                309,
                337,
                257,
                1623,
                13,
                51064
            ]
        },
        {
            "id": 2,
            "avg_logprob": -0.3116425573825836,
            "compression_ratio": 1.4337348937988281,
            "end": 23.0,
            "no_speech_prob": 0.05412597954273224,
            "seek": 0,
            "start": 14.0,
            "temperature": 0.0,
            "text": " It's either Donald Trump in there, stewing, stewing over his enemies list,",
            "tokens": [
                51064,
                467,
                311,
                2139,
                8632,
                3899,
                294,
                456,
                11,
                22654,
                278,
                11,
                22654,
                278,
                670,
                702,
                7805,
                1329,
                11,
                51514
            ]
        },
        {
            "id": 3,
            "avg_logprob": -0.20594538748264313,
            "compression_ratio": 1.303030252456665,
            "end": 31.0,
            "no_speech_prob": 0.04722035303711891,
            "seek": 2300,
            "start": 23.0,
            "temperature": 0.0,
            "text": " or me, working for you, checking off my to-do list.",
            "tokens": [
                50364,
                420,
                385,
                11,
                1364,
                337,
                291,
                11,
                8568,
                766,
                452,
                281,
                12,
                2595,
                1329,
                13,
                50764
            ]
        },
        {
            "id": 4,
            "avg_logprob": -0.20594538748264313,
            "compression_ratio": 1.303030252456665,
            "end": 41.0,
            "no_speech_prob": 0.04722035303711891,
            "seek": 2300,
            "start": 31.0,
            "temperature": 0.0,
            "text": " You have the power to make that decision. It is your power. It is your power.",
            "tokens": [
                50764,
                509,
                362,
                264,
                1347,
                281,
                652,
                300,
                3537,
                13,
                467,
                307,
                428,
                1347,
                13,
                467,
                307,
                428,
                1347,
                13,
                51264
            ]
        }
    ]
}