,segment_id,segment_avg_logprob,segment_compression_ratio,segment_no_speech_prob,seek,start,end,temperature,text,tokens,nltk_opinion_lexicon_positive,nltk_opinion_lexicon_negative,nltk_opinion_lexicon_net,vader_neg,vader_neu,vader_pos,vader_compound
0,0,-0.3116425573825836,1.4337348937988281,0.05412597954273224,0,0.0,5.0,0.0, Just imagine the Oval Office in three months. Picture it in your mind.,"[50364, 1449, 3811, 264, 422, 3337, 8935, 294, 1045, 2493, 13, 35730, 309, 294, 428, 1575, 13, 50614]",0.0,0.0,0.0,0.0,1.0,0.0,0.0
1,1,-0.3116425573825836,1.4337348937988281,0.05412597954273224,0,5.0,14.0,0.0," It is either. So, but there's a choice that everybody has. So let's imagine it for a moment.","[50614, 467, 307, 2139, 13, 407, 11, 457, 456, 311, 257, 3922, 300, 2201, 575, 13, 407, 718, 311, 3811, 309, 337, 257, 1623, 13, 51064]",0.0,0.0,0.0,0.0,1.0,0.0,0.0
2,2,-0.3116425573825836,1.4337348937988281,0.05412597954273224,0,14.0,23.0,0.0," It's either Donald Trump in there, stewing, stewing over his enemies list,","[51064, 467, 311, 2139, 8632, 3899, 294, 456, 11, 22654, 278, 11, 22654, 278, 670, 702, 7805, 1329, 11, 51514]",0.08333333333333333,0.08333333333333333,0.0,0.225,0.775,0.0,-0.4939
3,3,-0.20594538748264313,1.303030252456665,0.04722035303711891,2300,23.0,31.0,0.0," or me, working for you, checking off my to-do list.","[50364, 420, 385, 11, 1364, 337, 291, 11, 8568, 766, 452, 281, 12, 2595, 1329, 13, 50764]",0.0,0.0,0.0,0.0,1.0,0.0,0.0
4,4,-0.20594538748264313,1.303030252456665,0.04722035303711891,2300,31.0,41.0,0.0, You have the power to make that decision. It is your power. It is your power.,"[50764, 509, 362, 264, 1347, 281, 652, 300, 3537, 13, 467, 307, 428, 1347, 13, 467, 307, 428, 1347, 13, 51264]",0.0,0.0,0.0,0.0,1.0,0.0,0.0
