{
    "transcription_text": "I've lived the promise of America, and I see the promise of America in all of you. In all of you. I see it. I see it in the young people who are voting for the first time, who are determined to live free from gun violence and to protect our planet and to shape the world they inherit. I see it in the women who refuse to accept a future without reproductive freedom. And the men who support them. I see it in Republicans who have never voted for a Democrat before, but have put the Constitution of the United States over party.",
    "segments": [
        {
            "id": 0,
            "seek": 0,
            "start": 0.0,
            "end": 10.479999542236328,
            "text": " I've lived the promise of America, and I see the promise of America in all of you.",
            "tokens": [
                50364,
                286,
                600,
                5152,
                264,
                6228,
                295,
                3374,
                11,
                293,
                286,
                536,
                264,
                6228,
                295,
                3374,
                294,
                439,
                295,
                291,
                13,
                50888
            ],
            "temperature": 0.0,
            "avg_logprob": -0.32184767723083496,
            "compression_ratio": 1.595041275024414,
            "no_speech_prob": 0.07969038933515549
        },
        {
            "id": 1,
            "seek": 0,
            "start": 10.479999542236328,
            "end": 11.479999542236328,
            "text": " In all of you.",
            "tokens": [
                50888,
                682,
                439,
                295,
                291,
                13,
                50938
            ],
            "temperature": 0.0,
            "avg_logprob": -0.32184767723083496,
            "compression_ratio": 1.595041275024414,
            "no_speech_prob": 0.07969038933515549
        },
        {
            "id": 2,
            "seek": 0,
            "start": 11.479999542236328,
            "end": 12.479999542236328,
            "text": " I see it.",
            "tokens": [
                50938,
                286,
                536,
                309,
                13,
                50988
            ],
            "temperature": 0.0,
            "avg_logprob": -0.32184767723083496,
            "compression_ratio": 1.595041275024414,
            "no_speech_prob": 0.07969038933515549
        },
        {
            "id": 3,
            "seek": 0,
            "start": 12.479999542236328,
            "end": 24.040000915527344,
            "text": " I see it in the young people who are voting for the first time, who are determined to",
            "tokens": [
                50988,
                286,
                536,
                309,
                294,
                264,
                2037,
                561,
                567,
                366,
                10419,
                337,
                264,
                700,
                565,
                11,
                567,
                366,
                9540,
                281,
                51566
            ],
            "temperature": 0.0,
            "avg_logprob": -0.32184767723083496,
            "compression_ratio": 1.595041275024414,
            "no_speech_prob": 0.07969038933515549
        },
        {
            "id": 4,
            "seek": 2404,
            "start": 24.040000915527344,
            "end": 32.599998474121094,
            "text": " live free from gun violence and to protect our planet and to shape the world they inherit.",
            "tokens": [
                50364,
                1621,
                1737,
                490,
                3874,
                371,
                1004,
                306,
                77,
                384,
                293,
                281,
                2371,
                527,
                5054,
                293,
                281,
                3909,
                264,
                1002,
                436,
                21389,
                13,
                50792
            ],
            "temperature": 0.0,
            "avg_logprob": -0.35896381735801697,
            "compression_ratio": 1.5873016119003296,
            "no_speech_prob": 0.4051513969898224
        },
        {
            "id": 5,
            "seek": 2404,
            "start": 32.599998474121094,
            "end": 38.36000061035156,
            "text": " I see it in the women who refuse to accept a future without reproductive freedom.",
            "tokens": [
                50792,
                286,
                536,
                309,
                294,
                264,
                2266,
                567,
                16791,
                281,
                3241,
                257,
                2027,
                32161,
                71,
                346,
                33569,
                5645,
                13,
                51080
            ],
            "temperature": 0.0,
            "avg_logprob": -0.35896381735801697,
            "compression_ratio": 1.5873016119003296,
            "no_speech_prob": 0.4051513969898224
        },
        {
            "id": 6,
            "seek": 2404,
            "start": 38.36000061035156,
            "end": 45.880001068115234,
            "text": " And the men who support them.",
            "tokens": [
                51080,
                400,
                264,
                1706,
                567,
                1406,
                552,
                13,
                51456
            ],
            "temperature": 0.0,
            "avg_logprob": -0.35896381735801697,
            "compression_ratio": 1.5873016119003296,
            "no_speech_prob": 0.4051513969898224
        },
        {
            "id": 7,
            "seek": 2404,
            "start": 45.880001068115234,
            "end": 53.20000076293945,
            "text": " I see it in Republicans who have never voted for a Democrat before, but have put the Constitution",
            "tokens": [
                51456,
                286,
                536,
                309,
                294,
                12017,
                567,
                362,
                1128,
                13415,
                337,
                257,
                27827,
                949,
                11,
                457,
                362,
                829,
                264,
                14505,
                51822
            ],
            "temperature": 0.0,
            "avg_logprob": -0.35896381735801697,
            "compression_ratio": 1.5873016119003296,
            "no_speech_prob": 0.4051513969898224
        },
        {
            "id": 8,
            "seek": 5320,
            "start": 53.20000076293945,
            "end": 55.599998474121094,
            "text": " of the United States over party.",
            "tokens": [
                50364,
                295,
                264,
                2824,
                3040,
                670,
                3595,
                13,
                50484
            ],
            "temperature": 0.0,
            "avg_logprob": -0.5302260518074036,
            "compression_ratio": 0.800000011920929,
            "no_speech_prob": 0.9522290825843811
        }
    ]
}